id,filename,photographer,date,plane,airline,airport
1,01.jpg,Uwe Bethke,2014-06-23,"{""id"": 1, ""name"": ""Boeing 747-830"", ""regNumber"": ""D-ABYI"", ""serialNumber"": ""37833 / 1475""}","{""id"": 1, ""name"": ""Lufthansa""}","{""id"": 1, ""name"": ""Frankfurt Rhein-Main"", ""iataCode"": ""FRA"", ""icaoCode"": ""EDDF"", ""country"": ""Germany""}"
2,02.jpg,Mehrad Watson,2013-11-17,"{""id"": 2, ""name"": ""Boeing 777-31H(ER)"", ""regNumber"": ""A6-ECY"", ""serialNumber"": ""35595 / 840""}","{""id"": 2, ""name"": ""Emirates""}","{""id"": 2, ""name"": ""Teheran Imam Khomeini International Airport"", ""iataCode"": ""IKA"", ""icaoCode"": ""OIIE"", ""country"": ""Iran""}"
3,03.jpg,Mikko Heiskanen,2017-09-01,"{""id"": 3, ""name"": ""Antonov An-124-100M"", ""regNumber"": ""RA-82081"", ""serialNumber"": ""9773051462165 / 08-03""}","{""id"": 3, ""name"": ""Volga-Dnepr""}","{""id"": 3, ""name"": ""Helsinki Vantaa"", ""iataCode"": ""HEL"", ""icaoCode"": ""EFHK"", ""country"": ""Finland""}"
4,04.jpg,Yan David,2013-07-30,"{""id"": 4, ""name"": ""Boeing 747-406(M)"", ""regNumber"": ""PH-BFH"", ""serialNumber"": ""24518 / 783""}","{""id"": 4, ""name"": ""KLM Royal Dutch Airlines""}","{""id"": 4, ""name"": ""Philipsburg / St. Maarten Princess Juliana International"", ""iataCode"": ""SXM"", ""icaoCode"": ""TNCM"", ""country"": ""Netherlands Antilles""}"
5,05.jpg,Helmut Schnichels,2015-04-14,"{""id"": 5, ""name"": ""Airbus A380-861"", ""regNumber"": ""A6-APA"", ""serialNumber"": ""166""}","{""id"": 5, ""name"": ""Etihad Airways""}","{""id"": 5, ""name"": ""London Heathrow"", ""iataCode"": ""LHR"", ""icaoCode"": ""EGLL"", ""country"": ""United Kingdom""}"
6,06.jpg,James Mellon,2018-07-11,"{""id"": 6, ""name"": ""Embraer E190-E2"", ""regNumber"": ""PR-ZGQ"", ""serialNumber"": ""19020004""}","{""id"": 6, ""name"": ""Embraer""}","{""id"": 6, ""name"": ""Farnborough"", ""iataCode"": ""FAB"", ""icaoCode"": ""EGLF"", ""country"": ""United Kingdom""}"
7,07.jpg,Lukas Koo Man Ho,2018-09-10,"{""id"": 7, ""name"": ""Airbus A380-861"", ""regNumber"": ""A7-APJ"", ""serialNumber"": ""254""}","{""id"": 7, ""name"": ""Qatar Airways""}","{""id"": 7, ""name"": ""Guangzhou Baiyun"", ""iataCode"": ""CAN"", ""icaoCode"": ""ZGGG"", ""country"": ""China""}"
8,08.jpg,Alexey Ereshko,2012-09-06,"{""id"": 8, ""name"": ""Beriev Be-200 CH/S"", ""regNumber"": ""RF-32767"", ""serialNumber"": ""76820002501""}","{""id"": 8, ""name"": ""Russia - Ministry of Emergency Situations (EMERCOM)""}","{""id"": 8, ""name"": ""Gelendzhik"", ""iataCode"": ""GDZ"", ""icaoCode"": ""URKG"", ""country"": ""Russian Federation""}"
9,09.jpg,Tetsuya Sasaki,2016-06-03,"{""id"": 9, ""name"": ""Boeing 737-881(WL)"", ""regNumber"": ""JA80AN"", ""serialNumber"": ""44558 / 5216""}","{""id"": 9, ""name"": ""All Nippon Airways""}","{""id"": 9, ""name"": ""Osaka Itami"", ""iataCode"": ""ITM"", ""icaoCode"": ""RJOO"", ""country"": ""Japan""}"
10,10.jpg,Andrzej Kostrzewa,2012-01-03,"{""id"": 10, ""name"": ""Boeing 747-430"", ""regNumber"": ""D-ABVM"", ""serialNumber"": ""29101 / 1143""}","{""id"": 1, ""name"": ""Lufthansa""}","{""id"": 10, ""name"": ""Off-Airport"", ""iataCode"": """", ""icaoCode"": """", ""country"": """"}"
11,11.jpg,Gaëtan De Meyer,2019-06-20,"{""id"": 11, ""name"": ""Boeing 747-446"", ""regNumber"": ""EI-XLD"", ""serialNumber"": ""26360 / 1166""}","{""id"": 10, ""name"": ""Rossiya - Russian Airlines""}","{""id"": 11, ""name"": ""Antalya"", ""iataCode"": ""AYT"", ""icaoCode"": ""LTAI"", ""country"": ""Turkey""}"
12,12.jpg,David Novák,2019-07-01,"{""id"": 12, ""name"": ""Beriev A-50U"", ""regNumber"": ""RF-93966"", ""serialNumber"": ""0073476298""}","{""id"": 11, ""name"": ""Russian Federation Air Force""}","{""id"": 12, ""name"": ""Kubinka"", ""iataCode"": """", ""icaoCode"": ""UUMB"", ""country"": ""Russian Federation""}"
13,13.jpg,Alexander Shukhov,2011-08-16,"{""id"": 13, ""name"": ""Sukhoi Su-35"", ""regNumber"": ""901"", ""serialNumber"": """"}","{""id"": 11, ""name"": ""Russian Federation Air Force""}","{""id"": 13, ""name"": ""Moscow Zhukovsky"", ""iataCode"": """", ""icaoCode"": ""UUBW"", ""country"": ""Russian Federation""}"
14,14.jpg,Maximilian Kramer,2017-10-27,"{""id"": 14, ""name"": ""Airbus A320-214"", ""regNumber"": ""D-ABNW"", ""serialNumber"": ""2627""}","{""id"": 12, ""name"": ""Air Berlin""}","{""id"": 14, ""name"": ""Berlin Tegel"", ""iataCode"": ""TXL"", ""icaoCode"": ""EDDT"", ""country"": ""Germany""}"
15,15.jpg,Ryan Dorling,2014-09-10,"{""id"": 15, ""name"": ""Boeing RC-135U Combat Sent"", ""regNumber"": ""64-14849"", ""serialNumber"": ""18789""}","{""id"": 13, ""name"": ""USAF United States Air Force""}","{""id"": 10, ""name"": ""Off-Airport"", ""iataCode"": """", ""icaoCode"": """", ""country"": """"}"
16,16.jpg,Akbarali Mastan,2016-03-04,"{""id"": 16, ""name"": ""Airbus A380-861"", ""regNumber"": ""A6-EOT"", ""serialNumber"": ""204""}","{""id"": 2, ""name"": ""Emirates""}","{""id"": 5, ""name"": ""London Heathrow"", ""iataCode"": ""LHR"", ""icaoCode"": ""EGLL"", ""country"": ""United Kingdom""}"
17,17.jpg,Victor Pody,2013-06-03,"{""id"": 17, ""name"": ""Boeing 737-838(WL)"", ""regNumber"": ""VH-VZZ"", ""serialNumber"": ""39445 / 4010""}","{""id"": 14, ""name"": ""Qantas""}","{""id"": 15, ""name"": ""Ayers Rock Connellan"", ""iataCode"": ""AYQ"", ""icaoCode"": ""YAYE"", ""country"": ""Australia""}"
18,18.jpg,Maximilian Kramer,2018-02-01,"{""id"": 18, ""name"": ""Airbus A340-642"", ""regNumber"": ""D-AIHV"", ""serialNumber"": ""897""}","{""id"": 1, ""name"": ""Lufthansa""}","{""id"": 10, ""name"": ""Off-Airport"", ""iataCode"": """", ""icaoCode"": """", ""country"": """"}"
19,19.jpg,Manuel Valenta,2019-01-19,"{""id"": 19, ""name"": ""Airbus A320-214"", ""regNumber"": ""OE-LBL"", ""serialNumber"": ""2009""}","{""id"": 15, ""name"": ""Austrian Airlines""}","{""id"": 16, ""name"": ""Innsbruck Kranebitten"", ""iataCode"": ""INN"", ""icaoCode"": ""LOWI"", ""country"": ""Austria""}"
20,20.jpg,Aldo Bidini,2015-07-18,"{""id"": 20, ""name"": ""Bell-Boeing CV-22B Osprey"", ""regNumber"": ""08-0050"", ""serialNumber"": ""D1038""}","{""id"": 13, ""name"": ""USAF United States Air Force""}","{""id"": 17, ""name"": ""Fairford"", ""iataCode"": ""FFD"", ""icaoCode"": ""EGVA"", ""country"": ""United Kingdom""}"